{
    "name": "root",
    "gauges": {
        "Racecar.Policy.Entropy.mean": {
            "value": -0.2887640595436096,
            "min": -0.3883199393749237,
            "max": -0.015987126156687737,
            "count": 4
        },
        "Racecar.Policy.Entropy.sum": {
            "value": -14440.8017578125,
            "min": -19431.91796875,
            "max": -772.8176879882812,
            "count": 4
        },
        "Racecar.Step.mean": {
            "value": 2999997.0,
            "min": 2849977.0,
            "max": 2999997.0,
            "count": 4
        },
        "Racecar.Step.sum": {
            "value": 2999997.0,
            "min": 2849977.0,
            "max": 2999997.0,
            "count": 4
        },
        "Racecar.Policy.ExtrinsicValue.mean": {
            "value": 4.951693058013916,
            "min": 4.951693058013916,
            "max": 5.725693225860596,
            "count": 4
        },
        "Racecar.Policy.ExtrinsicValue.sum": {
            "value": 3976.20947265625,
            "min": 3976.20947265625,
            "max": 4563.37744140625,
            "count": 4
        },
        "Racecar.Losses.PolicyLoss.mean": {
            "value": -4.8963994432602505,
            "min": -5.983830378225156,
            "max": -4.8963994432602505,
            "count": 4
        },
        "Racecar.Losses.PolicyLoss.sum": {
            "value": -24486.893615744513,
            "min": -29937.10338226046,
            "max": -24486.893615744513,
            "count": 4
        },
        "Racecar.Losses.ValueLoss.mean": {
            "value": 0.005841805707091716,
            "min": 0.0034459605807915534,
            "max": 0.007983046713596289,
            "count": 4
        },
        "Racecar.Losses.ValueLoss.sum": {
            "value": 29.21487034116567,
            "min": 17.24014078570014,
            "max": 38.54214953324288,
            "count": 4
        },
        "Racecar.Losses.Q1Loss.mean": {
            "value": 0.02677002660031045,
            "min": 0.01617935340068766,
            "max": 0.030620793710179412,
            "count": 4
        },
        "Racecar.Losses.Q1Loss.sum": {
            "value": 133.87690302815255,
            "min": 80.94530506364036,
            "max": 147.8371920327462,
            "count": 4
        },
        "Racecar.Losses.Q2Loss.mean": {
            "value": 0.02667554700233666,
            "min": 0.015950813113525655,
            "max": 0.029116257170050595,
            "count": 4
        },
        "Racecar.Losses.Q2Loss.sum": {
            "value": 133.40441055868564,
            "min": 79.80191800696886,
            "max": 140.57328961700426,
            "count": 4
        },
        "Racecar.Policy.ContinuousEntropyCoeff.mean": {
            "value": 0.0059816483135768815,
            "min": 0.004686650414189957,
            "max": 0.008461208595740052,
            "count": 4
        },
        "Racecar.Policy.ContinuousEntropyCoeff.sum": {
            "value": 29.914223216197986,
            "min": 23.447312022192357,
            "max": 40.850715100232975,
            "count": 4
        },
        "Racecar.Policy.LearningRate.mean": {
            "value": 0.0003,
            "min": 0.0002999999999999999,
            "max": 0.0003,
            "count": 4
        },
        "Racecar.Policy.LearningRate.sum": {
            "value": 1.5002999999999997,
            "min": 1.4484,
            "max": 1.5008999999999997,
            "count": 4
        },
        "Racecar.Environment.EpisodeLength.mean": {
            "value": 1359.6944444444443,
            "min": 1359.6944444444443,
            "max": 1711.3103448275863,
            "count": 4
        },
        "Racecar.Environment.EpisodeLength.sum": {
            "value": 48949.0,
            "min": 46390.0,
            "max": 51855.0,
            "count": 4
        },
        "Racecar.Environment.CumulativeReward.mean": {
            "value": 104.64898497280147,
            "min": 104.64898497280147,
            "max": 141.6015570183595,
            "count": 4
        },
        "Racecar.Environment.CumulativeReward.sum": {
            "value": 3767.363459020853,
            "min": 3767.363459020853,
            "max": 4248.046710550785,
            "count": 4
        },
        "Racecar.Policy.ExtrinsicReward.mean": {
            "value": 104.64898497280147,
            "min": 104.64898497280147,
            "max": 141.6015570183595,
            "count": 4
        },
        "Racecar.Policy.ExtrinsicReward.sum": {
            "value": 3767.363459020853,
            "min": 3767.363459020853,
            "max": 4248.046710550785,
            "count": 4
        },
        "Racecar.IsTraining.mean": {
            "value": 1.0,
            "min": 1.0,
            "max": 1.0,
            "count": 4
        },
        "Racecar.IsTraining.sum": {
            "value": 1.0,
            "min": 1.0,
            "max": 1.0,
            "count": 4
        }
    },
    "metadata": {
        "timer_format_version": "0.1.0",
        "start_time_seconds": "1679649627",
        "python_version": "3.7.9 (tags/v3.7.9:13c94747c7, Aug 17 2020, 18:58:18) [MSC v.1900 64 bit (AMD64)]",
        "command_line_arguments": "C:\\Users\\Sam\\AppData\\Local\\Programs\\Python\\Python37\\Scripts\\mlagents-learn sac-trainer-config.yaml --run-id=SAC-Kart002 --resume --results-dir=./Assets/Training-Results",
        "mlagents_version": "0.29.0",
        "mlagents_envs_version": "0.29.0",
        "communication_protocol_version": "1.5.0",
        "pytorch_version": "1.7.0+cu110",
        "numpy_version": "1.21.2",
        "end_time_seconds": "1679652753"
    },
    "total": 3126.350467,
    "count": 1,
    "self": 0.009748599999966245,
    "children": {
        "run_training.setup": {
            "total": 0.1662663000000002,
            "count": 1,
            "self": 0.1662663000000002
        },
        "TrainerController.start_learning": {
            "total": 3126.1744521,
            "count": 1,
            "self": 3.7075409999456497,
            "children": {
                "TrainerController._reset_env": {
                    "total": 5.846840899999999,
                    "count": 1,
                    "self": 5.846840899999999
                },
                "TrainerController.advance": {
                    "total": 3116.5653740000544,
                    "count": 198457,
                    "self": 3.536671699951512,
                    "children": {
                        "env_step": {
                            "total": 1625.573083500034,
                            "count": 198457,
                            "self": 1470.9634742000678,
                            "children": {
                                "SubprocessEnvManager._take_step": {
                                    "total": 152.04909730001617,
                                    "count": 198457,
                                    "self": 10.534686000006616,
                                    "children": {
                                        "TorchPolicy.evaluate": {
                                            "total": 141.51441130000956,
                                            "count": 198360,
                                            "self": 23.187379700045284,
                                            "children": {
                                                "TorchPolicy.sample_actions": {
                                                    "total": 118.32703159996427,
                                                    "count": 198360,
                                                    "self": 118.32703159996427
                                                }
                                            }
                                        }
                                    }
                                },
                                "workers": {
                                    "total": 2.5605119999501245,