{"count":1,"self":37.5350432,"total":103.72986549999999,"children":{"InitializeActuators":{"count":1,"self":0.0019993999999999997,"total":0.0019993999999999997,"children":null},"InitializeSensors":{"count":1,"self":0.001,"total":0.001,"children":null},"AgentSendState":{"count":54217,"self":0.63126739999999992,"total":1.4127831,"children":{"CollectObservations":{"count":10844,"self":0.087364,"total":0.087364,"children":null},"WriteActionMask":{"count":10844,"self":0.0460026,"total":0.0460026,"children":null},"RequestDecision":{"count":10844,"self":0.15792589999999998,"total":0.64814909999999992,"children":{"AgentInfo.ToProto":{"count":10844,"self":0.19665529999999998,"total":0.49022319999999997,"children":{"GenerateSensorData":{"count":10844,"self":0.2935679,"total":0.2935679,"children":null}}}}}}},"DecideAction":{"count":54217,"self":63.8805376,"total":63.880538699999995,"children":null},"AgentAct":{"count":54217,"self":0.8691829,"total":0.8975014,"children":{"AgentInfo.ToProto":{"count":578,"self":0.0139963,"total":0.0283185,"children":{"GenerateSensorData":{"count":578,"self":0.0143222,"total":0.0143222,"children":null}}}}}},"gauges":{"My Behavior.CumulativeReward":{"count":578,"max":3.499998,"min":-0.1999999,"runningAverage":0.853979349,"value":0.400000244,"weightedAverage":0.6988439}},"metadata":{"timer_format_version":"0.1.0","start_time_seconds":"1674664214","unity_version":"2021.3.6f1","command_line_arguments":"E:\\Unity\\2021.3.6f1\\Editor\\Unity.exe -projectPath D:\\Users\\Sam\\Documents\\Git\\ohmu-ml","communication_protocol_version":"1.5.0","com.unity.ml-agents_version":"2.0.1","scene_name":"MainScene","end_time_seconds":"1674664317"}}