{"count":1,"self":1412.8464896,"total":3652.2070181999998,"children":{"InitializeActuators":{"count":1,"self":0.0020014,"total":0.0020014,"children":null},"InitializeSensors":{"count":1,"self":0.0019987,"total":0.0019987,"children":null},"AgentSendState":{"count":2500051,"self":24.1814544,"total":51.8933137,"children":{"CollectObservations":{"count":500011,"self":3.4351879999999997,"total":3.4351879,"children":null},"WriteActionMask":{"count":500011,"self":1.8324372,"total":1.8324372,"children":null},"RequestDecision":{"count":500011,"self":6.2488632,"total":22.4442339,"children":{"AgentInfo.ToProto":{"count":500011,"self":6.5854051999999994,"total":16.195370699999998,"children":{"GenerateSensorData":{"count":500011,"self":9.6099655999999989,"total":9.6099655999999989,"children":null}}}}}}},"DecideAction":{"count":2500051,"self":2156.2413056,"total":2156.2412694,"children":null},"AgentAct":{"count":2500051,"self":30.996326399999997,"total":31.221950099999997,"children":{"AgentInfo.ToProto":{"count":6410,"self":0.0912051,"total":0.22562349999999998,"children":{"GenerateSensorData":{"count":6410,"self":0.1344184,"total":0.1344184,"children":null}}}}}},"gauges":{"My Behavior.CumulativeReward":{"count":6410,"max":1331.32178,"min":-0.09999988,"runningAverage":6.75747728,"value":272.607483,"weightedAverage":237.271591}},"metadata":{"timer_format_version":"0.1.0","start_time_seconds":"1674664759","unity_version":"2021.3.6f1","command_line_arguments":"E:\\Unity\\2021.3.6f1\\Editor\\Unity.exe -projectPath D:\\Users\\Sam\\Documents\\Git\\ohmu-ml","communication_protocol_version":"1.5.0","com.unity.ml-agents_version":"2.0.1","scene_name":"MainScene","end_time_seconds":"1674668411"}}