{"count":1,"self":11771.858944,"total":17108.0055443,"children":{"InitializeActuators":{"count":1,"self":0.0030012999999999997,"total":0.0030012999999999997,"children":null},"InitializeSensors":{"count":1,"self":0.0019996,"total":0.0019996,"children":null},"AgentSendState":{"count":4805151,"self":101.88583679999999,"total":174.4634432,"children":{"CollectObservations":{"count":961031,"self":8.2979424,"total":8.2979422,"children":null},"WriteActionMask":{"count":961031,"self":3.3154708,"total":3.3154708,"children":null},"RequestDecision":{"count":961031,"self":13.548980799999999,"total":60.9641916,"children":{"AgentInfo.ToProto":{"count":961031,"self":12.489565599999999,"total":47.415211299999996,"children":{"GenerateSensorData":{"count":961031,"self":28.4409952,"total":34.9256454,"children":{"RayPerceptionSensor.Perceive":{"count":961031,"self":6.4846504,"total":6.4846502,"children":null}}}}}}}}},"DecideAction":{"count":4805151,"self":3801.7990655999997,"total":3801.799062,"children":null},"AgentAct":{"count":4805151,"self":1359.8160896,"total":1359.8790474,"children":{"AgentInfo.ToProto":{"count":717,"self":0.0236104,"total":0.0629798,"children":{"GenerateSensorData":{"count":717,"self":0.028619099999999998,"total":0.0393694,"children":{"RayPerceptionSensor.Perceive":{"count":717,"self":0.010750299999999999,"total":0.010750299999999999,"children":null}}}}}}}},"gauges":{"Racecar.CumulativeReward":{"count":717,"max":260.78125,"min":-4.61629963,"runningAverage":105.498894,"value":165.718292,"weightedAverage":100.379272}},"metadata":{"timer_format_version":"0.1.0","start_time_seconds":"1679910766","unity_version":"2021.3.6f1","command_line_arguments":"E:\\Unity\\2021.3.6f1\\Editor\\Unity.exe -projectpath D:\\Users\\Sam\\Documents\\Git\\ohmu-ml -useHub -hubIPC -cloudEnvironment production -licensingIpc LicenseClient-L7s8ezbB2Zov8WxZVTJpq -hubSessionId 10daa1b0-cc7f-11ed-8089-9161769bf117 -accessToken _AQS23pqangMJxFlQCjGzZYL5yv0ajv82QeT2USoDT8005f","communication_protocol_version":"1.5.0","com.unity.ml-agents_version":"2.0.1","scene_name":"Racetrack","end_time_seconds":"1679927874"}}