{"count":1,"self":203.3461504,"total":210.8631968,"children":{"InitializeActuators":{"count":1,"self":0.0030023,"total":0.0030023,"children":null},"InitializeSensors":{"count":1,"self":0.0019932,"total":0.0019932,"children":null},"AgentSendState":{"count":11654,"self":0.22697319999999999,"total":0.2842645,"children":{"CollectObservations":{"count":2331,"self":0.012431999999999999,"total":0.012431999999999999,"children":null},"WriteActionMask":{"count":2331,"self":0.0082335999999999989,"total":0.0082335999999999989,"children":null},"RequestDecision":{"count":2331,"self":0.0366257,"total":0.0366257,"children":null}}},"DecideAction":{"count":11654,"self":3.094128,"total":3.1146594,"children":{"RayPerceptionSensor.Perceive":{"count":2331,"self":0.020531499999999998,"total":0.020531499999999998,"children":null}}},"AgentAct":{"count":11654,"self":4.1131307999999995,"total":4.1131309,"children":null}},"gauges":{"Racecar.CumulativeReward":{"count":3,"max":115.064079,"min":-24.9992676,"runningAverage":57.8588066,"value":83.51161,"weightedAverage":80.9140854}},"metadata":{"timer_format_version":"0.1.0","start_time_seconds":"1678469640","unity_version":"2021.3.6f1","command_line_arguments":"E:\\Unity\\2021.3.6f1\\Editor\\Unity.exe -projectpath D:\\Users\\Sam\\Documents\\Git\\ohmu-ml -useHub -hubIPC -cloudEnvironment production -licensingIpc LicenseClient-8jzyFdSj-DQ6CJ8lKriy2 -hubSessionId 08e6a230-bd96-11ed-9d41-a74ee12b0984 -accessToken 7oZw4z9AUTzB6P3UTyNYvCKvRtV7ODV0cAvMl6lyKmQ005f","communication_protocol_version":"1.5.0","com.unity.ml-agents_version":"2.0.1","scene_name":"Racetrack","end_time_seconds":"1678469850"}}