{"count":1,"self":4669.6947712,"total":14506.5704807,"children":{"InitializeActuators":{"count":1,"self":0.0020009,"total":0.0020009,"children":null},"InitializeSensors":{"count":1,"self":0.0030004999999999997,"total":0.0030004999999999997,"children":null},"AgentSendState":{"count":3625984,"self":73.0792,"total":127.17920629999999,"children":{"CollectObservations":{"count":725197,"self":6.122936,"total":6.1229360999999995,"children":null},"WriteActionMask":{"count":725197,"self":2.4423236,"total":2.4423236,"children":null},"RequestDecision":{"count":725197,"self":9.85646,"total":45.5347442,"children":{"AgentInfo.ToProto":{"count":725197,"self":9.147758399999999,"total":35.6782843,"children":{"GenerateSensorData":{"count":725197,"self":21.608359999999998,"total":26.5305257,"children":{"RayPerceptionSensor.Perceive":{"count":725197,"self":4.922166,"total":4.9221658999999995,"children":null}}}}}}}}},"DecideAction":{"count":3625984,"self":8459.3229823999991,"total":8459.3233091,"children":null},"AgentAct":{"count":3625984,"self":1250.3304192,"total":1250.3670362999999,"children":{"AgentInfo.ToProto":{"count":638,"self":0.0107689,"total":0.0366537,"children":{"GenerateSensorData":{"count":638,"self":0.018644499999999998,"total":0.0258848,"children":{"RayPerceptionSensor.Perceive":{"count":638,"self":0.0072403,"total":0.0072403,"children":null}}}}}}}},"gauges":{"Racecar.CumulativeReward":{"count":638,"max":234.089569,"min":-25.0000153,"runningAverage":70.98534,"value":10.8780289,"weightedAverage":-8.282284}},"metadata":{"timer_format_version":"0.1.0","start_time_seconds":"1679231867","unity_version":"2021.3.6f1","command_line_arguments":"E:\\Unity\\2021.3.6f1\\Editor\\Unity.exe -projectpath D:\\Users\\Sam\\Documents\\Git\\ohmu-ml -useHub -hubIPC -cloudEnvironment production -licensingIpc LicenseClient-x5G-70U15pE8XYHA71-5j -hubSessionId a755d690-c64f-11ed-9659-b116c596414c -accessToken WxA2XTkbF-7P-uDv7Tpbt6U0GGqiYAPkSZ4JQQW0PFk005f","communication_protocol_version":"1.5.0","com.unity.ml-agents_version":"2.0.1","scene_name":"Racetrack","end_time_seconds":"1679246373"}}