{"count":1,"self":3173.3508096,"total":13802.7752877,"children":{"InitializeActuators":{"count":1,"self":0.0019998999999999998,"total":0.0019998999999999998,"children":null},"InitializeSensors":{"count":1,"self":0.0020001999999999997,"total":0.0020001999999999997,"children":null},"AgentSendState":{"count":4094601,"self":82.9028608,"total":142.6400301,"children":{"CollectObservations":{"count":818921,"self":7.094296,"total":7.0942963,"children":null},"WriteActionMask":{"count":818921,"self":2.87226,"total":2.87226,"children":null},"RequestDecision":{"count":818921,"self":11.128928799999999,"total":49.7706131,"children":{"AgentInfo.ToProto":{"count":818921,"self":9.9672672,"total":38.6416845,"children":{"GenerateSensorData":{"count":818921,"self":23.391448,"total":28.6744174,"children":{"RayPerceptionSensor.Perceive":{"count":818921,"self":5.2829692,"total":5.2829692,"children":null}}}}}}}}},"DecideAction":{"count":4094601,"self":9323.163648,"total":9323.1635734,"children":null},"AgentAct":{"count":4094601,"self":1163.5800064,"total":1163.6149163,"children":{"AgentInfo.ToProto":{"count":543,"self":0.0113332,"total":0.0348609,"children":{"GenerateSensorData":{"count":543,"self":0.0205296,"total":0.0235277,"children":{"RayPerceptionSensor.Perceive":{"count":543,"self":0.0029981,"total":0.0029981,"children":null}}}}}}}},"gauges":{"Racecar.CumulativeReward":{"count":543,"max":251.60994,"min":-4.641647,"runningAverage":128.786819,"value":235.34729,"weightedAverage":142.662048}},"metadata":{"timer_format_version":"0.1.0","start_time_seconds":"1679394146","unity_version":"2021.3.6f1","command_line_arguments":"E:\\Unity\\2021.3.6f1\\Editor\\Unity.exe","communication_protocol_version":"1.5.0","com.unity.ml-agents_version":"2.0.1","scene_name":"Racetrack","end_time_seconds":"1679407948"}}