{"count":1,"self":343.7295616,"total":362.18705339999997,"children":{"InitializeActuators":{"count":1,"self":0.0010041,"total":0.0010041,"children":null},"InitializeSensors":{"count":1,"self":0.0029996999999999997,"total":0.0029996999999999997,"children":null},"AgentSendState":{"count":42722,"self":0.9022072,"total":1.1012586,"children":{"CollectObservations":{"count":8545,"self":0.0687147,"total":0.0687147,"children":null},"WriteActionMask":{"count":8545,"self":0.0327517,"total":0.0327517,"children":null},"RequestDecision":{"count":8545,"self":0.097584999999999991,"total":0.097584999999999991,"children":null}}},"DecideAction":{"count":42722,"self":6.1768972,"total":6.2937902999999995,"children":{"RayPerceptionSensor.Perceive":{"count":8545,"self":0.11689319999999999,"total":0.11689319999999999,"children":null}}},"AgentAct":{"count":42722,"self":11.058439199999999,"total":11.0584391,"children":null}},"gauges":{"Racecar.CumulativeReward":{"count":5,"max":228.998978,"min":88.49012,"runningAverage":142.097855,"value":228.998978,"weightedAverage":141.828781}},"metadata":{"timer_format_version":"0.1.0","start_time_seconds":"1679662005","unity_version":"2021.3.6f1","command_line_arguments":"E:\\Unity\\2021.3.6f1\\Editor\\Unity.exe -projectpath D:\\Users\\Sam\\Documents\\Git\\ohmu-ml -useHub -hubIPC -cloudEnvironment production -licensingIpc LicenseClient-oISTepwHvduzJVIwS9p-g -hubSessionId 41cc39d0-ca24-11ed-832f-7167179dd0e7 -accessToken 5I5stoGKVvbkIxd63zjNILp8tZhm-CNtvZ9NsK2u9j8005f","communication_protocol_version":"1.5.0","com.unity.ml-agents_version":"2.0.1","scene_name":"Racetrack","end_time_seconds":"1679662367"}}