{
    "name": "root",
    "gauges": {
        "Racecar.Policy.Entropy.mean": {
            "value": 1.3621480464935303,
            "min": 1.3620504140853882,
            "max": 1.4357620477676392,
            "count": 30
        },
        "Racecar.Policy.Entropy.sum": {
            "value": 68170.0625,
            "min": 68057.2890625,
            "max": 71783.796875,
            "count": 30
        },
        "Racecar.Environment.EpisodeLength.mean": {
            "value": 526.8064516129032,
            "min": 69.61299435028249,
            "max": 526.8064516129032,
            "count": 30
        },
        "Racecar.Environment.EpisodeLength.sum": {
            "value": 48993.0,
            "min": 48993.0,
            "max": 50708.0,
            "count": 30
        },
        "Racecar.Step.mean": {
            "value": 1499990.0,
            "min": 49994.0,
            "max": 1499990.0,
            "count": 30
        },
        "Racecar.Step.sum": {
            "value": 1499990.0,
            "min": 49994.0,
            "max": 1499990.0,
            "count": 30
        },
        "Racecar.Policy.ExtrinsicValueEstimate.mean": {
            "value": 6.572018146514893,
            "min": -0.2542419731616974,
            "max": 6.572018146514893,
            "count": 30
        },
        "Racecar.Policy.ExtrinsicValueEstimate.sum": {
            "value": 5474.4912109375,
            "min": -326.19244384765625,
            "max": 5582.244140625,
            "count": 30
        },
        "Racecar.Environment.CumulativeReward.mean": {
            "value": 44.43572304998675,
            "min": 0.5025537484614863,
            "max": 44.43572304998675,
            "count": 30
        },
        "Racecar.Environment.CumulativeReward.sum": {
            "value": 4132.5222436487675,
            "min": 355.80805391073227,
            "max": 4566.7683447264135,
            "count": 30
        },
        "Racecar.Policy.ExtrinsicReward.mean": {
            "value": 44.43572304998675,
            "min": 0.5025537484614863,
            "max": 44.43572304998675,
            "count": 30
        },
        "Racecar.Policy.ExtrinsicReward.sum": {
            "value": 4132.5222436487675,
            "min": 355.80805391073227,
            "max": 4566.7683447264135,
            "count": 30
        },
        "Racecar.Losses.PolicyLoss.mean": {
            "value": 0.022831355844003455,
            "min": 0.0210028958429272,
            "max": 0.02651441913874199,
            "count": 30
        },
        "Racecar.Losses.PolicyLoss.sum": {
            "value": 0.11415677922001728,
            "min": 0.08501773962634616,
            "max": 0.13257209569370995,
            "count": 30
        },
        "Racecar.Losses.ValueLoss.mean": {
            "value": 0.9269851275285086,
            "min": 0.008658484338472288,
            "max": 4.088092526917656,
            "count": 30
        },
        "Racecar.Losses.ValueLoss.sum": {
            "value": 4.634925637642543,
            "min": 0.04329242169236144,
            "max": 16.352370107670623,
            "count": 30
        },
        "Racecar.Policy.LearningRate.mean": {
            "value": 4.2852585716133374e-06,
            "min": 4.2852585716133374e-06,
            "max": 0.00029487480170840006,
            "count": 30
        },
        "Racecar.Policy.LearningRate.sum": {
            "value": 2.1426292858066686e-05,
            "min": 2.1426292858066686e-05,
            "max": 0.0014282372239209332,
            "count": 30
        },
        "Racecar.Policy.Epsilon.mean": {
            "value": 0.10142838666666668,
            "min": 0.10142838666666668,
            "max": 0.19829160000000004,
            "count": 30
        },
        "Racecar.Policy.Epsilon.sum": {
            "value": 0.5071419333333334,
            "min": 0.5001672,
            "max": 0.9760790666666667,
            "count": 30
        },
        "Racecar.Policy.Beta.mean": {
            "value": 8.127649466666673e-05,
            "min": 8.127649466666673e-05,
            "max": 0.004914750840000001,
            "count": 30
        },
        "Racecar.Policy.Beta.sum": {
            "value": 0.00040638247333333363,
            "min": 0.00040638247333333363,
            "max": 0.023806345426666667,
            "count": 30
        },
        "Racecar.IsTraining.mean": {
            "value": 1.0,
            "min": 1.0,
            "max": 1.0,
            "count": 30
        },
        "Racecar.IsTraining.sum": {
            "value": 1.0,
            "min": 1.0,
            "max": 1.0,
            "count": 30
        }
    },
    "metadata": {
        "timer_format_version": "0.1.0",
        "start_time_seconds": "1678373961",
        "python_version": "3.7.9 (tags/v3.7.9:13c94747c7, Aug 17 2020, 18:58:18) [MSC v.1900 64 bit (AMD64)]",
        "command_line_arguments": "C:\\Users\\Sam\\AppData\\Local\\Programs\\Python\\Python37\\Scripts\\mlagents-learn trainer-config.yaml --run-id=Kart006 --force --results-dir=./Assets/Training-Results",
        "mlagents_version": "0.29.0",
        "mlagents_envs_version": "0.29.0",
        "communication_protocol_version": "1.5.0",
        "pytorch_version": "1.7.0+cu110",
        "numpy_version": "1.21.2",
        "end_time_seconds": "1678394506"
    },
    "total": 20545.4082092,
    "count": 1,
    "self": 0.05014419999861275,
    "children": {
        "run_training.setup": {
            "total": 0.1319889999999999,
            "count": 1,
            "self": 0.1319889999999999
        },
        "TrainerController.start_learning": {
            "total": 20545.226076,
            "count": 1,
            "self": 30.244600001271465,
            "children": {
                "TrainerController._reset_env": {
                    "total": 23.4441385,
                    "count": 1,
                    "self": 23.4441385
                },
                "TrainerController.advance": {
                    "total": 20491.44349699873,
                    "count": 1506540,
                    "self": 28.695316599161742,
                    "children": {
                        "env_step": {
                            "total": 19941.855694199472,
                            "count": 1506540,
                            "self": 18060.37748809832,
                            "children": {
                                "SubprocessEnvManager._take_step": {
                                    "total": 1861.0628251001176,
                                    "count": 1506541,
                                    "self": 69.07109840098656,
                                    "children": {
                                        "TorchPolicy.evaluate": {
                                            "total": 1791.991726699131,
                                            "count": 1500083,
                                            "self": 420.7301179984822,
                                            "children": {
                                                "TorchPolicy.sample_actions": {
                                                    "total": 1371.2616087006488,
                                                    "count": 1500083,
                                                    "self": 1371.2616087006488
                                                }
                                            }
                                        }
                                    }
                                },
                                "workers": {
                                    "total": 20.415381001037655,
                                    "count": 1506540,
                                    "self": 0.0,
                                    "children": {
                                        "worker_root": {
                                            "total": 20463.787536799824,
                                            "count": 1506540,