{
    "name": "root",
    "gauges": {
        "Racecar.Policy.Entropy.mean": {
            "value": 1.3468270301818848,
            "min": 1.3468270301818848,
            "max": 1.3476444482803345,
            "count": 7
        },
        "Racecar.Policy.Entropy.sum": {
            "value": 67341.3515625,
            "min": 6340.6669921875,
            "max": 67412.1015625,
            "count": 7
        },
        "Racecar.Step.mean": {
            "value": 2999945.0,
            "min": 2699969.0,
            "max": 2999945.0,
            "count": 7
        },
        "Racecar.Step.sum": {
            "value": 2999945.0,
            "min": 2699969.0,
            "max": 2999945.0,
            "count": 7
        },
        "Racecar.Policy.ExtrinsicValueEstimate.mean": {
            "value": 9.225008010864258,
            "min": 7.441168308258057,
            "max": 9.225008010864258,
            "count": 7
        },
        "Racecar.Policy.ExtrinsicValueEstimate.sum": {
            "value": 7435.3564453125,
            "min": 652.7890014648438,
            "max": 7435.3564453125,
            "count": 7
        },
        "Racecar.Environment.EpisodeLength.mean": {
            "value": 1161.5454545454545,
            "min": 686.6527777777778,
            "max": 1608.516129032258,
            "count": 7
        },
        "Racecar.Environment.EpisodeLength.sum": {
            "value": 51108.0,
            "min": 3870.0,
            "max": 51715.0,
            "count": 7
        },
        "Racecar.Environment.CumulativeReward.mean": {
            "value": 118.33863448580219,
            "min": 63.84922306006774,
            "max": 161.3546053198797,
            "count": 7
        },
        "Racecar.Environment.CumulativeReward.sum": {
            "value": 5206.899917375296,
            "min": 393.105961561203,
            "max": 5206.899917375296,
            "count": 7
        },
        "Racecar.Policy.ExtrinsicReward.mean": {
            "value": 118.33863448580219,
            "min": 63.84922306006774,
            "max": 161.3546053198797,
            "count": 7
        },
        "Racecar.Policy.ExtrinsicReward.sum": {
            "value": 5206.899917375296,
            "min": 393.105961561203,
            "max": 5206.899917375296,
            "count": 7
        },
        "Racecar.IsTraining.mean": {
            "value": 1.0,
            "min": 1.0,
            "max": 1.0,
            "count": 7
        },
        "Racecar.IsTraining.sum": {
            "value": 1.0,
            "min": 1.0,
            "max": 1.0,
            "count": 7
        },
        "Racecar.Losses.PolicyLoss.mean": {
            "value": 0.02225829028679679,
            "min": 0.0217017019734097,
            "max": 0.025547609619485833,
            "count": 6
        },
        "Racecar.Losses.PolicyLoss.sum": {
            "value": 0.11129145143398396,
            "min": 0.09931293432988847,
            "max": 0.12773804809742917,
            "count": 6
        },
        "Racecar.Losses.ValueLoss.mean": {
            "value": 1.8398719835281372,
            "min": 1.1724975428978603,
            "max": 2.370679906010628,
            "count": 6
        },
        "Racecar.Losses.ValueLoss.sum": {
            "value": 9.199359917640686,
            "min": 5.862487714489301,
            "max": 9.482719624042511,
            "count": 6
        },
        "Racecar.Policy.LearningRate.mean": {
            "value": 2.7436390854866603e-06,
            "min": 2.7436390854866603e-06,
            "max": 2.738923087028667e-05,
            "count": 6
        },
        "Racecar.Policy.LearningRate.sum": {
            "value": 1.3718195427433301e-05,
            "min": 1.3718195427433301e-05,
            "max": 0.00013694615435143334,
            "count": 6
        },
        "Racecar.Policy.Epsilon.mean": {
            "value": 0.10091451333333334,
            "min": 0.10091451333333334,
            "max": 0.10912971333333335,
            "count": 6
        },
        "Racecar.Policy.Epsilon.sum": {
            "value": 0.5045725666666667,
            "min": 0.4166698000000001,
            "max": 0.5456485666666667,
            "count": 6
        },
        "Racecar.Policy.Beta.mean": {
            "value": 5.5634215333333226e-05,
            "min": 5.5634215333333226e-05,
            "max": 0.0004655726953333333,
            "count": 6
        },
        "Racecar.Policy.Beta.sum": {
            "value": 0.00027817107666666614,
            "min": 0.00027817107666666614,
            "max": 0.0023278634766666665,
            "count": 6
        }
    },
    "metadata": {
        "timer_format_version": "0.1.0",
        "start_time_seconds": "1678464876",
        "python_version": "3.7.9 (tags/v3.7.9:13c94747c7, Aug 17 2020, 18:58:18) [MSC v.1900 64 bit (AMD64)]",
        "command_line_arguments": "C:\\Users\\Sam\\AppData\\Local\\Programs\\Python\\Python37\\Scripts\\mlagents-learn trainer-config.yaml --run-id=Kart006 --resume --results-dir=./Assets/Training-Results",
        "mlagents_version": "0.29.0",
        "mlagents_envs_version": "0.29.0",
        "communication_protocol_version": "1.5.0",
        "pytorch_version": "1.7.0+cu110",
        "numpy_version": "1.21.2",
        "end_time_seconds": "1678469050"
    },
    "total": 4173.8345994,
    "count": 1,
    "self": 0.01651919999949314,
    "children": {
        "run_training.setup": {
            "total": 0.17071820000000004,
            "count": 1,
            "self": 0.17071820000000004
        },
        "TrainerController.start_learning": {
            "total": 4173.647362000001,
            "count": 1,
            "self": 6.056711400004133,
            "children": {
                "TrainerController._reset_env": {
                    "total": 7.8429045,
                    "count": 1,
                    "self": 7.8429045
                },
                "TrainerController.advance": {
                    "total": 4159.666906999996,
                    "count": 304899,
                    "self": 5.7422394001787325,
                    "children": {
                        "env_step": {
                            "total": 4049.9117976999823,
                            "count": 304899,
                            "self": 3670.061845700089,
                            "children": {
                                "SubprocessEnvManager._take_step": {
                                    "total": 375.73145709997834,
                                    "count": 304899,
                                    "self": 14.21691590000546,
                                    "children": {
                                        "TorchPolicy.evaluate": {
                                            "total": 361.5145411999729,
                                            "count": 304681,
                                            "self": 84.41855880010837,
                                            "children": {
                                                "TorchPolicy.sample_actions": {
                                                    "total": 277.0959823998645,
                                                    "count": 304681,
                                                    "self": 277.0959823998645
                                                }
                                            }
                                        }
                                    }
                                },
                                "workers": {
                                    "total": 4.118494899915051,
                                    "count": 304899,
                                    "self": 0.0,
                                    "children": {
                                        "worker_root": {
                                            "total": 4156.625294199944,
                                            "count": 304899,
                                            "is_parallel": true,