{
    "name": "root",
    "gauges": {
        "BallBalancer.Policy.Entropy.mean": {
            "value": 1.3709779977798462,
            "min": 1.367265224456787,
            "max": 1.3745537996292114,
            "count": 7
        },
        "BallBalancer.Policy.Entropy.sum": {
            "value": 68503.65625,
            "min": 62455.25390625,
            "max": 68779.921875,
            "count": 7
        },
        "BallBalancer.Step.mean": {
            "value": 499945.0,
            "min": 199955.0,
            "max": 499945.0,
            "count": 7
        },
        "BallBalancer.Step.sum": {
            "value": 499945.0,
            "min": 199955.0,
            "max": 499945.0,
            "count": 7
        },
        "BallBalancer.Policy.ExtrinsicValueEstimate.mean": {
            "value": 0.7503753900527954,
            "min": 0.3333107829093933,
            "max": 0.7503753900527954,
            "count": 7
        },
        "BallBalancer.Policy.ExtrinsicValueEstimate.sum": {
            "value": 865.1828002929688,
            "min": 298.9797668457031,
            "max": 865.1828002929688,
            "count": 7
        },
        "BallBalancer.Environment.EpisodeLength.mean": {
            "value": 49.934760448521914,
            "min": 49.934760448521914,
            "max": 271.9698795180723,
            "count": 7
        },
        "BallBalancer.Environment.EpisodeLength.sum": {
            "value": 48986.0,
            "min": 45147.0,
            "max": 49987.0,
            "count": 7
        },
        "BallBalancer.Environment.CumulativeReward.mean": {
            "value": 0.9551478083588175,
            "min": 0.27710843373493976,
            "max": 0.9551478083588175,
            "count": 7
        },
        "BallBalancer.Environment.CumulativeReward.sum": {
            "value": 937.0,
            "min": 46.0,
            "max": 937.0,
            "count": 7
        },
        "BallBalancer.Policy.ExtrinsicReward.mean": {
            "value": 0.9551478083588175,
            "min": 0.27710843373493976,
            "max": 0.9551478083588175,
            "count": 7
        },
        "BallBalancer.Policy.ExtrinsicReward.sum": {
            "value": 937.0,
            "min": 46.0,
            "max": 937.0,
            "count": 7
        },
        "BallBalancer.Losses.PolicyLoss.mean": {
            "value": 0.02305191168517922,
            "min": 0.02244273452055495,
            "max": 0.02571262452887216,
            "count": 7
        },
        "BallBalancer.Losses.PolicyLoss.sum": {
            "value": 0.11525955842589611,
            "min": 0.09852035372168756,
            "max": 0.12390589699110327,
            "count": 7
        },
        "BallBalancer.Losses.ValueLoss.mean": {
            "value": 0.013474264803032081,
            "min": 0.013474264803032081,
            "max": 0.02597243506461382,
            "count": 7
        },
        "BallBalancer.Losses.ValueLoss.sum": {
            "value": 0.06737132401516041,
            "min": 0.06737132401516041,
            "max": 0.1298621753230691,
            "count": 7
        },
        "BallBalancer.Policy.LearningRate.mean": {
            "value": 1.6420414526559998e-05,
            "min": 1.6420414526559998e-05,
            "max": 0.00019197348600884996,
            "count": 7
        },
        "BallBalancer.Policy.LearningRate.sum": {
            "value": 8.21020726328e-05,
            "min": 8.21020726328e-05,
            "max": 0.0008211860262713999,
            "count": 7
        },
        "BallBalancer.Policy.Epsilon.mean": {
            "value": 0.10547344,
            "min": 0.10547344,
            "max": 0.16399115000000006,
            "count": 7
        },
        "BallBalancer.Policy.Epsilon.sum": {
            "value": 0.5273672,
            "min": 0.4999166000000002,
            "max": 0.7737286000000001,
            "count": 7
        },
        "BallBalancer.Policy.Beta.mean": {
            "value": 0.00028312465600000003,
            "min": 0.00028312465600000003,
            "max": 0.0032031583850000004,
            "count": 7
        },
        "BallBalancer.Policy.Beta.sum": {
            "value": 0.0014156232800000002,
            "min": 0.0014156232800000002,
            "max": 0.013709057140000003,
            "count": 7
        },
        "BallBalancer.IsTraining.mean": {
            "value": 1.0,
            "min": 1.0,
            "max": 1.0,
            "count": 7
        },
        "BallBalancer.IsTraining.sum": {
            "value": 1.0,
            "min": 1.0,
            "max": 1.0,
            "count": 7
        }
    },
    "metadata": {
        "timer_format_version": "0.1.0",
        "start_time_seconds": "1674766137",
        "python_version": "3.7.8 (tags/v3.7.8:4b47a5b6ba, Jun 28 2020, 08:53:46) [MSC v.1916 64 bit (AMD64)]",
        "command_line_arguments": "C:\\Users\\Sam\\AppData\\Roaming\\Python\\Python37\\Scripts\\mlagents-learn --run-id=BallBalancingAI_004 --resume --results-dir=./Assets/Training-Results",
        "mlagents_version": "0.29.0",
        "mlagents_envs_version": "0.29.0",
        "communication_protocol_version": "1.5.0",
        "pytorch_version": "1.13.1+cu116",
        "numpy_version": "1.21.2",
        "end_time_seconds": "1674768750"
    },
    "total": 2612.7058021,
    "count": 1,
    "self": 0.013771699999324483,
    "children": {
        "run_training.setup": {
            "total": 0.14982059999999997,
            "count": 1,
            "self": 0.14982059999999997
        },
        "TrainerController.start_learning": {
            "total": 2612.5422098000004,
            "count": 1,
            "self": 7.753071100018133,
            "children": {
                "TrainerController._reset_env": {
                    "total": 8.8792004,
                    "count": 1,
                    "self": 8.8792004
                },
                "TrainerController.advance": {
                    "total": 2595.8430932999822,
                    "count": 349225,
                    "self": 7.380226100067375,
                    "children": {
                        "env_step": {
                            "total": 2470.8326639998763,
                            "count": 349225,
                            "self": 2017.4497033998832,
                            "children": {
                                "SubprocessEnvManager._take_step": {
                                    "total": 448.2672307000232,
                                    "count": 349225,
                                    "self": 18.09918809999658,
                                    "children": {
                                        "TorchPolicy.evaluate": {
                                            "total": 430.16804260002664,
                                            "count": 345615,
                                            "self": 114.62738850005957,
                                            "children": {
                                                "TorchPolicy.sample_actions": {
                                                    "total": 315.54065409996707,
                                                    "count": 345615,
                                                    "self": 315.54065409996707
                                                }
                                            }
                                        }
                                    }
                                },
                                "workers": {
                                    "total": 5.115729899970029,
                                    "count": 349225,
                                    "self": 0.0,
                                    "children": {
                                        "worker_root": {
                                            "total": 2592.77638999997,
                                            "count": 349225,